Orban Lehel,Kaniza TrendKft.,Mosogato,orban@lehel.hu,(29) 234-0988
Pal Iza,Lufthansa,Takarito,isa32@lufthansa.de,(49) 3455-67788
Orban Kinga,Raniza Kft.,Forgato,orban@kil.hu,(20) 234-09808
Pal Ivan,Lufs,Takargat,ivan32@hansa.de,(49) 3455-60088
Nagy Lehel,Kaniza TrendKft,Motor,nagyn@lehel.hu,(29) 234-0388
Kis Iza,Luftha,Takarito,se2@lufthansa.de,(49) 3255-63788
Borban Lehel,Kaniza TrendKft.,Mosogato,orban@lehel.hu,(29) 234-0988
Paal Iza,Lufthansa,Takarito,isa32@lufthansa.de,(49) 3455-67788
Derban Kinga,Raniza Kft.,Forgato,orban@kil.hu,(20) 234-09808
Tal Ivan,Lufs,Takargat,ivan32@hansa.de,(49) 3455-60088
Kitegy Lehel,Kaniza TrendKft,Motor,nagyn@lehel.hu,(29) 234-0388
REtKis Iza,Luftha,Takarito,se2@lufthansa.de,(49) 3255-63788
Weban Lehel,Kaniza TrendKft.,Mosogato,orban@lehel.hu,(29) 234-0988
Pal Izaura,Lufthansa,Takarito,isa32@lufthansa.de,(49) 3455-67788
Cerban Kinga,Raniza Kft.,Forgato,orban@kil.hu,(20) 234-09808
Magyal Ivan,Lufs,Takargat,ivan32@hansa.de,(49) 3455-60088
Nagyos Lehel,Kaniza TrendKft,Motor,nagyn@lehel.hu,(29) 234-0388
Kiscike Iza,Luftha,Takarito,se2@lufthansa.de,(49) 3255-63788
On Lerel,Kaniza TrendKft.,Mosogato,orban@lehel.hu,(29) 234-0988
Pal Iraza,Lufthansa,Takarito,isa32@lufthansa.de,(49) 3455-67788
Orban Keaga,Raniza Kft.,Forgato,orban@kil.hu,(20) 234-09808
Pal Idevan,Lufs,Takargat,ivan32@hansa.de,(49) 3455-60088
Deragy hcerel,Kaniza TrendKft,Motor,nagyn@lehel.hu,(29) 234-0388
Retis Iza,Luftha,Takarito,se2@lufthansa.de,(49) 3255-63788
